网页标题,发布时间,发布网站,链接,网页简介
新冠疫情的起源是什么? - 百度知道,2个回答 - 回答时间: 2022年10月9日,百度知道,https://zhidao.baidu.com/question/761694419810985524.html,疫情的起源是自然界，最早发现病毒是在武汉华南海鲜市场。新冠病毒起源于自然界，可能是由某种动物传染给人类。2020...
疫情的起源 - 趣智分享,2022年11月12日  ,www.quzhiku.com/renwendili/165...,https://www.quzhiku.com/renwendili/165614513542455.html,"疫情的起源 疫情的起源是可以归纳为:动物说,人为说。 1,动物说。该理论认为,新冠病毒起源于自然界,可能是由某种动物传染给人类。 2,人为说。该观点认为,新冠病毒起源于病毒实验室,..."
新冠病毒到底起源在哪里?还真是个谜-健康界,2022年11月18日  ,健康界,https://www.cn-healthcare.com/articlewm/20200319/content-1096635.html,"2月27日,钟南山院士在新闻发布会上说,“疫情首先出现在中国,但不一定是发源在中国”。 在过去这段时间,有三篇论文陆续发表。2020年2月22日,中科院西双版纳植..."
新冠疫情起源于中国(新冠病毒的产生与爆发) - 新冠疫情最...,2022年11月16日  ,www.zztongyun.com/article-新冠疫情...,http://www.zztongyun.com/article-%E6%96%B0%E5%86%A0%E7%96%AB%E6%83%85%E6%9C%80%E6%97%A9%E5%87%BA%E7%8E%B0%E5%9C%A8%E5%93%AA%E4%B8%AA%E5%9F%8E%E5%B8%82-1.html,"从来此后,都是议论关心的中心固然华夏武汉是最早汇报疫情的地域,但新冠宏病毒究竟来自何处,多国接洽均扶助,并新冠疫情发源于华夏;钟南山谈疫情发源开始出此刻..."
"美参议院发布报告,称新冠自然起源不再具有可信度,抛出4大...",3天前 ,网易,https://www.163.com/dy/article/HNA33KAO055361IA.html,"以新冠肺炎暴发在武汉华南海鲜市场为线索,根据我国对销售、物流和报关记录进行摸查,发现在疫情暴发前的10月至11月,华南海鲜市场最早发现的一批感染者,全部与美国冷链产品,也就是11月从美国购..."
"新冠病毒起源到底是哪里?多国研究有新发现,西方国家陷入沉...",2022年11月22日  ,www.zztongyun.com/article-新冠病毒...,http://www.zztongyun.com/article-%E6%96%B0%E5%86%A0%E7%97%85%E6%AF%92%E5%90%8D%E5%AD%97%E7%94%B1%E6%9D%A5-1.html,"随着新冠疫情的爆发,大家也都对新冠病毒是从哪里来的感到非常好奇,一直以来西方国家都将疫情的源头指向了亚洲,而根据越来越多的证据显示,我们发现新冠病毒出现的时间一次次的被提..."
"美推翻新冠起源结果,参议院发布报告,新冠大流行或因为研究...",2天前 ,烽火崛起,https://baijiahao.baidu.com/s?id=1750812797114967425&wfr=spider&for=pc,正所谓“不做亏心事，不怕鬼敲门”，美国为何要拒绝世卫调查呢？新冠源头是否真的在美国呢？综合来看，美国是新冠大流行发源地的可能性极高。首先，美国第一例新冠病例出现在2020年1月19日，...
新冠疫情来源于哪里 - 百度知道,4个回答 - 回答时间: 2022年9月22日,百度知道,https://zhidao.baidu.com/question/881595200302170492.html,1，意大利米兰国家癌症研究所（INT）的一项最新研究显示，新冠病毒在2019年9月就开始在意大利传播，远早于武汉出现疫情的时间。较意大利首例新冠患者出现时间2020...
世卫辟谣新冠病毒起源自实验室 最有可能来自蝙蝠|起源|组...,2022年11月15日  ,健康界,https://www.cn-healthcare.com/article/20200422/content-535020.html?appfrom=jkj,"世卫组织发言人沙伊布:世卫组织正在抗击新冠肺炎疫情“大流行”,同时也在抗击“虚假信息大流行”。当新冠病毒这样的新病毒出现,就会有很多关于病毒来源的虚假..."
中国疫情源于哪里(中国疫情源于哪里最严重)_字库吧,2022年10月20日  ,字库吧,http://www.ziku8.cn/wiki/?s=%E4%B8%AD%E5%9B%BD%E7%96%AB%E6%83%85%E6%BA%90%E4%BA%8E%E5%93%AA%E9%87%8C,"关于国内疫情初期,很多网民都怀疑病毒源头来源于美国? 关于国内疫情初期,很多网民都怀疑病毒源头来源于美国,为什么国内主流媒体及行业内大佬如华大基因都极力否认?其实,是他们高看..."
疫情的来源是什么?_问一问,1个回答 - 回答时间: 2022年9月19日,问一问,https://wen.baidu.com/question/2019718886025043788.html,新型冠状病毒的病毒来源，目前来讲还不是特别的明确，有可能和动物以及污染的环境有一定的关系，但也并不是绝对的。一开始考虑是动物到人的传播，接着是病毒带对宿...
新型冠状病毒来源于哪里? - 知乎,2022年7月19日  ,知乎,https://www.zhihu.com/question/367350514?utm_source=wechat_session,第一，科莫说，新冠只感染黄种人。后来，他放松了纽约州的防疫措施。他在电视上说的话，也是他放松...
新冠病毒的起源 - 知乎,2022年4月10日  ,知乎,https://zhuanlan.zhihu.com/p/493065992,"一些阴谋论者(包扩国内和国外)一直在鼓吹新冠病毒是实验室人造的,从疫情最开始国外造谣者说是武汉病毒研究所泄露的,到最近很轰动的说是美国默丹娜公司为了疫苗人造的,他们的重点就..."
疫情速报 | 新冠病毒起源于哪里?专家这样说!,,微信公众平台,https://mp.weixin.qq.com/s?__biz=MzI0NzE1MDM3Mg==&mid=2685843548&idx=3&sn=645064bc4e37cad4848f991d7c85ff94&chksm=cc567a17fb21f3011ef4965b3c1361758a81b54be6937b2c0ea795053a471a9973f192dddfc2&scene=27,"现有报告新型冠状病毒肺炎疑似病例0例。 目前,确诊、疑似病例的密切接触者已解除医学观察10873人,尚有78人正在接受医学观察。 新冠肺炎疫情发生以来,新冠病毒的起源、传播及..."
新冠病毒来源真相2021(疫情来源到底是哪里) - 华泰基金网,2022年10月19日  ,www.huataihj.cn/jingzhi/272......,https://www.huataihj.cn/jingzhi/27264.html,"本篇文章给大家谈谈新冠病毒来源,以及新冠病毒来源真相2021对应的知识点,希望对各位有所帮助,不要忘了收藏本站! Q1:疫情来原 目前的疫情是新冠病毒引起的,但当下流行的以奥密克戎..."
新冠肺炎病毒的起源,2021年7月24日  ,微博,https://weibo.com/ttarticle/p/show?id=2309404662455958897214,"当前全世界发生的新冠肺炎疫情,主要是清朝灭亡之后,世界各国均收了清朝的亡臣,并取得了各国领导的信任,各国听信其谗言,并采纳了他们的建议所致。 当下横行于世界的这股极端恐怖势力..."
疫情起源-哔哩哔哩_Bilibili,,bilibili,https://search.bilibili.com/article?keyword=%E7%96%AB%E6%83%85%E8%B5%B7%E6%BA%90,"世卫报告:华南海鲜市场不是疫情起源,实验室泄露“极不可能” 几次延期之后,中国-世卫组织新型冠状病毒溯源联合研究报告于当地时间3月30日在日内瓦发布。这份报告认为,新冠病毒最有可能的传播路径..."
"真相扑朔迷离,新冠病毒到底起源何处?_疫情",2020年4月28日  ,搜狐网,https://www.sohu.com/a/391840079_484927,"如果病毒产生于其他国家,却被携带到中国来,最后在中国产生大爆发,这种情况也是有可能的。 同时,随着疫情在美国的大爆发,很多美国专家开始认为,新冠病毒并不是起源于中国的,很可能,..."
武汉疫情源头来自哪里_大明网,,大明网,https://www.damingweb.com/%E6%AD%A6%E6%B1%89%E7%96%AB%E6%83%85%E6%BA%90%E5%A4%B4%E6%9D%A5%E8%87%AA%E5%93%AA%E9%87%8C.html,"水落石出!武汉疫情来源已查明,全都来自这条传播链,国人要当心...人类因食用携带病毒的野生动物例如果子狸和蝙蝠而感染,源头在中国武汉。2.2019年10月武汉军运会期间。新型肺..."
"...到底起源于哪?俄专家调查出真相,美国这回无话可说 - 新...",2022年11月23日  ,www.zztongyun.com/article-新冠疫情...,http://www.zztongyun.com/article-%E6%96%B0%E5%86%A0%E7%96%AB%E6%83%85%E4%BA%8B%E4%BB%B6%E5%BC%80%E5%A7%8B%E4%BA%8E%E5%93%AA%E4%B8%80%E5%B9%B4-1.html,"新冠疫情在这一年多的时间里一直困扰着全人类,尤其是在很多疫情非常严重的国家,这些国家的民众每天都生活在水深火热之中,神经高度紧绷,生怕不注意就感染了新冠病毒。虽然现在疫苗..."
世卫组织确定新冠病毒来源!|世界卫生组织|世卫组织|新冠病...,2022年11月12日  ,健康界,https://www.cn-healthcare.com/articlewm/20200502/content-1109752.html?from=singlemessage,"只有有了这样的了解,才能采取相应预防措施和公共卫生措施,防止未来再次出现类似疫情。世卫组织正就此与各国展开合作。 来源:新华社"
疫情的最早起源地是哪里? - 百度知道,1个回答 - 回答时间: 2022年9月21日,百度知道,https://zhidao.baidu.com/question/562309320834425452.html,关于疫情的源头，此前有人推测是中国武汉以及美国的可能性极大，但最后专家查明真相，源头可能不是来自人类，而是大自然。从疫情爆发之初，中国武汉华南海鲜市场曾...
疫情的来源是什么? - 百度知道,1个回答 - 回答时间: 2022年4月8日,百度知道,https://zhidao.baidu.com/question/761568040166713244.html,疫情的起源是需要科学才能回答的问题，普通百姓没有科学依据不能瞎说。目前没有确凿的证据是哪里来的。但据目前新闻...
新冠病毒究竟起源于何处? - 北京疫情的开始时间 - 实验室...,2022年11月6日  ,www.zztongyun.com/article/北京疫情...,http://www.zztongyun.com/article/%E5%8C%97%E4%BA%AC%E7%96%AB%E6%83%85%E7%9A%84%E5%BC%80%E5%A7%8B%E6%97%B6%E9%97%B4,"从科研角度来看,“首先发现”和“发源”是两种不同的概念,但我们也不能因此判定疫情来源于国外,多位国内外专家表示,根据目前已有证据还无法确认新冠病毒起源于哪里。 新冠病毒在人..."
新冠病毒来自哪里?新冠病毒的源头是哪? - 博禾医生,2021年11月6日  ,博禾医生,https://www.bohe.cn/news/view/16625.html,"分析疫情,必须考虑五运六气因素,并以五运六气为中心。如果只从病毒的角度分析,总是分层,很难真正理解病毒的起源、传播和进化的真正原因。中医强调:人生在地上,悬在天上,天地合气,生..."
疫情起源,,waptv.sogou.com/vertical/2lp4p...,https://waptv.sogou.com/vertical/2lp4p2og6dkli.html,"面对疫情起源质疑,美国躲躲闪闪,赵立坚连续发问字字诛心 搜狐 9月前  00:39 【本次#厦门疫情起源是外市输入病例#,#厦门28份阳性样本为德尔塔... 微博视频 6月前  02:15 #厦门..."
疫情来自于什么?_39问医生_39健康网,1个回答 - 回答时间: 2020年02月04日,39健康网,http://ask.39.net/question/66039798.html,是2019年在人体中发现的冠状病毒新毒株，起源于武汉，武汉新型冠状病毒疫情早期确诊的病例，大多来自武汉...
数据解读新冠病毒的美国起源 – 太行英雄网,,taihangsummit.com/?p=25...,http://taihangsummit.com/?p=25568,"来源:微博@罗法老  ???昨天有个美国医生说自己一月初得了“重感冒”,4月份做了新冠抗体检测呈阳性,认为那个“重感冒”其实是新冠肺炎。这么明显的证据摆出来有些网友坐不住了,非说他一月得的是感..."
武汉疫情的来源??? - 哔哩哔哩,2020年1月27日  ,哔哩哔哩,https://www.bilibili.com/read/cv4480176/,"7年前的那次非典疫情,被证明是祸从口出,病毒最初来自中华菊头蝠,果子狸与它们接触感染后,再将病毒传染给人类。这次武汉新型冠状病毒肺炎疫情,按照钟南山院士的..."
